一次性,70031,4456,,,,4
一費通,241,126,,,,4
三責險,446,420,,,,4
下工,477,58314,,,,4
並線,109277,13797,,,,4
串吧,1278,357,,,,4
串皮,109940,11616,,,,4
乾啤,111100,12057,,,,4
二板市場,1643,1629,,,,4
交通協管員,1819,81297,,,,4
估堆兒,111305,19565,,,,4
低保,2633,254,,,,4
侃大山,2883,80473,,,,4
來回來去,81060,19698,,,,4
供樓,120515,21210,,,,4
保墒,81114,13175,,,,4
信天遊,69625,5320,,,,4
信息點,2934,839,,,,4
個人計算機,120123,16848,,,,4
個體醫,63239,4878,,,,4
做優,3464,501,,,,4
優撫,70288,5577,,,,4
克隆,4187,862,,,,4
兒童團,81496,12939,,,,4
內房股,4348,1180,,,,4
內存,81523,16911,,,,4
內審員,4383,650,,,,4
兩限房,4492,2347,,,,4
公交車,4601,58907,,,,4
出工,61617,5658,,,,4
列兵,65684,5792,,,,4
別動隊,82054,14558,,,,4
到點,82087,15183,,,,4
剩餘勞動,67830,7308,,,,4
創匯額,5859,2401,,,,4
力度,65553,7139,,,,4
劫犯,82234,16532,,,,4
勞教,65451,5967,,,,4
勞技,6199,79781,,,,4
勞動布,112982,14127,,,,4
勞動手段,112986,14208,,,,4
北京時間,6413,80262,,,,4
反革命,62651,6980,,,,4
句調,7493,81528,,,,4
叫真,64672,5876,,,,4
叫勁,64666,5871,,,,4
吃小灶,82731,15528,,,,4
吃空額,109757,15537,,,,4
吃皇糧,82740,15619,,,,4
同案犯,7589,80521,,,,4
名劇週,7853,2642,,,,4
吞拿魚,120544,17109,,,,4
告送,111183,15757,,,,4
哭吧,8401,1984,,,,4
商品房,67641,5931,,,,4
單條,110237,16856,,,,4
回歸劇,9204,3090,,,,4
國有企業,111521,17429,,,,4
國際奧委會,120713,17484,,,,4
地板磚,62156,6660,,,,4
坡改梯,9841,3026,,,,4
埋汰,113508,17418,,,,4
境外就業,10169,80945,,,,4
增崗,10219,2082,,,,4
墶,61953,94585,,,,4
大齡青年,61921,7375,,,,4
大馬哈魚,10859,80163,,,,4
太空機,11336,3132,,,,4
失墒,83994,116057,,,,4
奶聲奶氣,11724,80686,,,,4
婚外戀,12152,81524,,,,4
宅基地,70687,6291,,,,4
安拉,12661,79751,,,,4
宏觀調控,84354,97180,,,,4
室內劇,12885,3550,,,,4
封頂,62859,6706,,,,4
小生產,69489,7062,,,,4
小區,84659,97164,,,,4
尜尜,63050,93524,,,,4
尾氣,68953,6925,,,,4
屏幕文字,13974,80366,,,,4
展播,14014,80373,,,,4
履職,113398,114923,,,,4
平方千米,49398,84825,,,,4
廠礦,61395,7571,,,,4
廣播體操,63539,7568,,,,4
彩顯,15553,3892,,,,4
微型車,15881,81344,,,,4
心肌梗死,15964,81296,,,,4
性賠償,16275,5467,,,,4
怪圈,16297,81259,,,,4
恤衫,16391,66275,,,,4
慣偷,63511,7461,,,,4
打吊針,17784,81509,,,,4
打黑,17861,81549,,,,4
投入品,18130,5493,,,,4
拉拉秀,18272,5536,,,,4
拔海,60570,8587,,,,4
掉過兒,62266,7662,,,,4
排汙權,19217,4327,,,,4
掛鏡線,111392,21427,,,,4
援建,70486,8304,,,,4
搭茬兒,61824,8330,,,,4
撒歡兒,67505,8460,,,,4
撞車黨,19816,4170,,,,4
擴大化,65367,9312,,,,4
收寄機,20259,4807,,,,4
政治委員,70887,8371,,,,4
文工團,68999,8265,,,,4
新老劃斷,21014,9801,,,,4
春禁,21492,9030,,,,4
會標,64159,9465,,,,4
會串,22052,80620,,,,4
桑拿浴,23067,80692,,,,4
樓市,88042,97178,,,,4
標底,88048,115345,,,,4
標準照,23470,69575,,,,4
橙子汁,23644,81425,,,,4
歡實,88247,91452,,,,4
正和,24005,89792,,,,4
武裝警察,24085,69899,,,,4
死工資,88370,116104,,,,4
民辦教師,88548,95353,,,,4
氧吧,24609,91265,,,,4
江米紙,64548,20160,,,,4
沐浴機,24967,87326,,,,4
治爆緝槍,25424,86417,,,,4
治保,88906,119191,,,,4
洗面奶,25640,72433,,,,4
活質,89064,93730,,,,4
活雷鋒,89067,93645,,,,4
流失生,89089,93757,,,,4
流調,25572,86198,,,,4
消聲器,25811,80895,,,,4
添堵,120491,20079,,,,4
清產核資,89369,116622,,,,4
溫課,89491,118413,,,,4
潛績,26931,87068,,,,4
潛臺詞,67014,23266,,,,4
激光通信,121450,86162,,,,4
火情,89756,91991,,,,4
無性婚姻,27475,87503,,,,4
熱乎,90080,86651,,,,4
熱劇,27883,86793,,,,4
爆震彈,28040,85569,,,,4
爪機,120492,20376,,,,4
爭金點,28078,3028,,,,4
特奧日,28377,86697,,,,4
環境質量,90569,93557,,,,4
瓷實,29185,80933,,,,4
生活秀,29290,90202,,,,4
甩賣,29431,79793,,,,4
甲流,29460,86419,,,,4
登機牌,30077,81680,,,,4
白色汙染,30227,81108,,,,4
白條子,60614,85181,,,,4
的姐,91126,88440,,,,4
矇事,94373,96801,,,,4
短期行為,91440,88672,,,,4
硬席,70264,90186,,,,4
硬屏,31424,86998,,,,4
碼長城,31567,80524,,,,4
祝捷,71103,90196,,,,4
禁液令,31866,85514,,,,4
私活兒,91793,116254,,,,4
窄播,32491,86961,,,,4
窗口單位,92060,89155,,,,4
窩工,69029,23650,,,,4
立卷,92105,94095,,,,4
站點,32637,81050,,,,4
第六感覺,32799,18102,,,,4
節育器,32908,87716,,,,4
米豬,113677,97066,,,,4
精神汙染,92450,93716,,,,4
糖稀,68381,23934,,,,4
糖衣炮彈,121024,23932,,,,4
糾風,92514,96299,,,,4
絨衣,67413,22329,,,,4
統規統建,33663,87062,,,,4
經濟特區,64842,20879,,,,4
綜合徵,33973,81678,,,,4
網醫,34051,89708,,,,4
線手套,92876,118546,,,,4
縣級市,92986,118566,,,,4
總星系,93033,119209,,,,4
總路線,93049,120830,,,,4
總書記,93034,87405,,,,4
罰沒款,93128,92892,,,,4
群發,34777,87620,,,,4
翻個兒,62620,19761,,,,4
老姑,34998,81564,,,,4
考碗族,34903,90135,,,,4
考語,93336,96439,,,,4
聯體,93432,97034,,,,4
聽會,93475,118978,,,,4
胸片,93595,119750,,,,4
脊髓灰質炎,35698,80180,,,,4
膠乳,93718,96974,,,,4
航太站,36645,86816,,,,4
花池子,94059,92950,,,,4
華達呢,64006,20703,,,,4
落聘待崗,37458,86936,,,,4
蓋澆飯,37582,80863,,,,4
蔫兒壞,120573,24262,,,,4
蕓豆,37692,75235,,,,4
虎實,63956,85126,,,,4
虛飄,94551,119140,,,,4
街坊裝,38548,85596,,,,4
衝金點,38565,3031,,,,4
表演票,38685,90317,,,,4
視頻,39161,80995,,,,4
視頻流,39164,87440,,,,4
解疙瘩,95055,94432,,,,4
計算機輔助教學,121357,86017,,,,4
評標,39586,22642,,,,4
評模,95149,116711,,,,4
誘彈,39876,87417,,,,4
誠信店,39724,86051,,,,4
誤區,69121,25078,,,,4
調休,95303,90748,,,,4
護養,63975,21130,,,,4
讓利,40435,81433,,,,4
貓兒膩,40600,23662,,,,4
貼時貼分,40790,87683,,,,4
貼士,120062,20216,,,,4
起伙,66932,88163,,,,4
超高產水稻,41333,86749,,,,4
足沐店,41402,91392,,,,4
跑面,95872,117001,,,,4
跑冒滴漏,95859,117016,,,,4
跑調,95870,25775,,,,4
路卡,65840,89124,,,,4
踩道,109414,91419,,,,4
蹲點,62466,18440,,,,4
軍分區,96005,93946,,,,4
軟席,67486,22832,,,,4
軟屏,41892,87253,,,,4
輔道,62966,85673,,,,4
辦公會議,96172,90819,,,,4
農機站,96205,116909,,,,4
返祖現象,96253,95290,,,,4
返銷糧,96257,95296,,,,4
通用字表,96375,119280,,,,4
逛燈,42830,81101,,,,4
遊戲腦,43026,87982,,,,4
遊步道,43004,93320,,,,4
運力,96479,120116,,,,4
選民證,96626,120452,,,,4
郵電局,43634,77977,,,,4
金橋工程,96980,96632,,,,4
銷品茂,44345,88090,,,,4
錄像片,65832,22951,,,,4
鎮子,97182,120345,,,,4
鏰子,109089,94966,,,,4
鐵道兵,97234,119796,,,,4
鐵腳板,97228,119798,,,,4
鐵交椅,97204,119665,,,,4
門面房,97348,95648,,,,4
開小灶,97387,93666,,,,4
開涮,44922,81221,,,,4
關聯方,45117,86437,,,,4
防非,45154,90582,,,,4
集運,97737,95944,,,,4
集體戶口,97744,95954,,,,4
集體主義,97741,95956,,,,4
雙休日,97760,117273,,,,4
雙元制,45901,88252,,,,4
雨情,97839,120293,,,,4
零投入,46326,90602,,,,4
電灌,97956,89355,,,,4
電子函件,46100,95264,,,,4
電噴,46259,81224,,,,4
震情,97994,120696,,,,4
霸王面,46428,90610,,,,4
青紅絲,46519,81227,,,,4
非典型肺炎,110856,121450,,,,4
音樂茶座,98163,120376,,,,4
音樂電視,98164,120377,,,,4
頂牛兒,62298,20062,,,,4
預考,98230,120717,,,,4
風情街,47243,86268,,,,4
飛地,62740,19941,,,,4
飛去來器,47328,86307,,,,4
飯莊,62682,19963,,,,4
飯口,98420,95428,,,,4
餄餎,63774,93683,,,,4
餄餎床子,63775,93685,,,,4
馬大哈,65924,22970,,,,4
騎劫,47797,80757,,,,4
骨突,120587,24100,,,,4
高校,63182,88959,,,,4
高新,121783,97177,,,,4
高壓鍋,48167,80766,,,,4
鬧心,98774,117799,,,,4
點斷袋,122520,121091,,,,4
一根筋,171,80938,,,,4
一炮打響,71381,5639,,,,4
三文魚,386,20749,,,,4
三資企業,457,80946,,,,4
上座率,67691,4672,,,,4
中考,70997,4815,,,,4
中央稅,1169,81579,,,,4
串味,109941,11692,,,,4
乾白,111089,11898,,,,4
二性子,62560,5176,,,,4
二乎,110705,12257,,,,4
交通警,64596,5131,,,,4
人流,1961,80360,,,,4
估摸,63389,5769,,,,4
低層住宅,110336,19677,,,,4
住有所居,6051,1241,,,,4
住宅小區,2456,80961,,,,4
來項,112930,19715,,,,4
俏頭,2990,80204,,,,4
信訪,69617,5345,,,,4
信皮,72660,9949,,,,4
個人遊,3339,442,,,,4
倒茬,81211,15647,,,,4
倒爺,62061,4868,,,,4
倒過兒,110300,16144,,,,4
倒買倒賣,3264,80540,,,,4
假小子,81237,16870,,,,4
傳播鏈,3753,920,,,,4
傳審,72901,10233,,,,4
儀仗樹,3877,847,,,,4
內銀股,4382,647,,,,4
內飾,4375,632,,,,4
公路港,4705,1120,,,,4
共青團,111282,15441,,,,4
冒傻氣,81714,15862,,,,4
出票,81899,14319,,,,4
刊授,81979,15254,,,,4
利好,82070,14599,,,,4
利淡,113118,15119,,,,4
剝削階級,61074,7250,,,,4
副品,63025,7272,,,,4
創匯,61692,7296,,,,4
劑子,82187,15626,,,,4
加片,64388,5885,,,,4
化合價,64020,6014,,,,4
北水南來,6403,2937,,,,4
南南合作,6696,80282,,,,4
原發,6950,1856,,,,4
友好城市,70334,6832,,,,4
吃功夫,109754,15534,,,,4
吃請,61536,6089,,,,4
吊頂,82818,19471,,,,4
名稱庫,7851,2641,,,,4
告負,82919,15754,,,,4
呼扇,82936,15998,,,,4
回潮,9185,80505,,,,4
回歸股,9203,3089,,,,4
國際詞,9382,1642,,,,4
圪墶,63207,94821,,,,4
地漏,62166,6675,,,,4
地膜,62167,6680,,,,4
坎子,83438,115507,,,,4
城市圈,9859,2238,,,,4
塑膠磁,10127,2657,,,,4
外企,68823,6480,,,,4
外層空間,10481,80659,,,,4
多面手,62476,6586,,,,4
多介質,62474,6582,,,,4
大腕,10966,81336,,,,4
大齡,61920,7374,,,,4
太陽浴,11354,3156,,,,4
套頭交易,11582,81066,,,,4
奪控,11626,2811,,,,4
奶羊,66332,7528,,,,4
婦聯,84210,115515,,,,4
學生流,12514,3034,,,,4
官德,12845,3527,,,,4
定點藥,12806,3473,,,,4
家庭車,12958,3012,,,,4
封轉開,13400,3192,,,,4
專區,84578,18692,,,,4
尋呼機,49188,906,,,,4
導銀,13619,3126,,,,4
屏蔽儀,13979,3495,,,,4
山侃海聊,14100,80387,,,,4
岩男郎,14164,3264,,,,4
工人運動,122341,117615,,,,4
市場准入,14497,81222,,,,4
平板三輪車,66769,7006,,,,4
平安鈴,14739,3995,,,,4
幾兒,77185,12770,,,,4
廣柑,63542,7195,,,,4
影樓,15579,80485,,,,4
影印件,85374,25601,,,,4
後怕,63908,6441,,,,4
後坐力,63914,6439,,,,4
扎啤,17663,79788,,,,4
打伙兒,110149,115582,,,,4
打蔫兒,61873,8690,,,,4
抵近,86177,89840,,,,4
拉限電,18284,5537,,,,4
掉頭彎,19153,4233,,,,4
排堵保暢,19248,4336,,,,4
排險,66541,7833,,,,4
掛水,120556,18766,,,,4
掛車,6620,1390,,,,4
採暖,61229,7813,,,,4
推展禮,19290,4261,,,,4
掰腕子,19578,80111,,,,4
擇業期,20002,4502,,,,4
攻關,63331,8516,,,,4
放空炮,62725,8360,,,,4
散水坡,67549,8400,,,,4
數字港,20745,4936,,,,4
數據源,20782,4941,,,,4
文企,20853,4984,,,,4
文明標兵,69006,8276,,,,4
文化宮,69001,8268,,,,4
新老交替,21012,81436,,,,4
斷市,87062,115083,,,,4
斷航期,21092,8082,,,,4
旱冰場,63692,8570,,,,4
星二代,120734,18957,,,,4
春運,61709,9029,,,,4
本本族,22455,8924,,,,4
林墾,87693,89276,,,,4
核兩用品,22929,9043,,,,4
格裡曆,63226,9407,,,,4
梆硬,87872,115621,,,,4
機頂盒,23673,86204,,,,4
檢控,88172,115666,,,,4
正回購,23990,87094,,,,4
比特,49432,84879,,,,4
民主黨派,88521,94957,,,,4
水面艦,24751,86778,,,,4
汗背心,88723,91309,,,,4
油氣流,88879,117765,,,,4
治窮,88916,119240,,,,4
泥頭車,25447,87330,,,,4
海歸派,120745,19885,,,,4
源代碼,26521,86471,,,,4
溝坎,89475,96595,,,,4
激光器,64285,88930,,,,4
烏涂,27367,70663,,,,4
烏龍指,27385,87174,,,,4
熒光燈,27763,81547,,,,4
熱火朝天,67344,21936,,,,4
熱傳,27874,86790,,,,4
牆紙,67064,12212,,,,4
特級教師,90295,119006,,,,4
特警,90298,119114,,,,4
獨苗,62401,19317,,,,4
班組,90493,88343,,,,4
生產手段,121388,86765,,,,4
生態文明,90643,116451,,,,4
畫鏡線,64027,20508,,,,4
發達國家,30172,80322,,,,4
白色垃圾,91081,90852,,,,4
皇糧,30380,80397,,,,4
監管碼,30547,85376,,,,4
盤活,91216,116389,,,,4
盲流,65982,88781,,,,4
省級,91319,116399,,,,4
看點,91342,93234,,,,4
眼風,91386,119165,,,,4
社保,31655,80528,,,,4
社保卡,31656,90539,,,,4
科學院,65176,20440,,,,4
移動通網,32173,86946,,,,4
移動屋,32172,86945,,,,4
穿繃,32486,86809,,,,4
穿靴戴帽,92047,88502,,,,4
窩點,92081,118542,,,,4
競聘,92170,94300,,,,4
第六感官,32798,87811,,,,4
算草,92278,117637,,,,4
簡身險,33057,85393,,,,4
米袋子,92378,96947,,,,4
粉連紙,62809,18206,,,,4
精品劇,33252,85408,,,,4
紀檢,92520,96498,,,,4
紅利稅,33398,85510,,,,4
紅火,63855,20540,,,,4
細菜,92683,118498,,,,4
統配,92795,118320,,,,4
經濟園,33930,85990,,,,4
綠茵場,92867,94584,,,,4
網禦,121447,89488,,,,4
罰沒,93127,92890,,,,4
美氣,93161,96332,,,,4
群眾演員,34773,81178,,,,4
群死群傷,34764,87618,,,,4
習慣勢力,93212,118833,,,,4
老封建,93277,96084,,,,4
老大難,93272,96349,,,,4
考研,93335,96437,,,,4
耲耙,64038,94953,,,,4
聯產承包責任制,93422,96467,,,,4
肅毒戰,35462,87453,,,,4
胞漿水,35681,79835,,,,4
脂酸,103913,25481,,,,4
膠版紙,64608,21438,,,,4
興許,69632,24137,,,,4
航模,63713,21250,,,,4
花樣游泳,36906,80851,,,,4
菜店,94237,90611,,,,4
蓋帽兒,37580,80185,,,,4
蓮花白,94418,94878,,,,4
蔻蔻,65266,20796,,,,4
薪效,37736,87904,,,,4
藥械,94487,119963,,,,4
蛋羹,38128,81480,,,,4
融資鏈,38272,87269,,,,4
血防,69546,89267,,,,4
行天橋,38448,87762,,,,4
街面兒上,112402,85597,,,,4
衝獎,38576,85601,,,,4
補臺,94850,90512,,,,4
製黃,82094,119259,,,,4
計算機枕,121353,85540,,,,4
計算機病毒,39402,71670,,,,4
註冊場,39563,87322,,,,4
話吧,39744,86059,,,,4
課件,95295,94594,,,,4
調演,62263,19349,,,,4
調資,95320,91068,,,,4
護秋,95427,96274,,,,4
貓幣,40602,89706,,,,4
責權利,40689,80453,,,,4
責任保,40679,87664,,,,4
貼吧,40785,87678,,,,4
賠情,121437,88140,,,,4
走穴,71286,89639,,,,4
赳客,41237,85722,,,,4
起牆,95743,117515,,,,4
超期,95791,91658,,,,4
跑墒,95863,117284,,,,4
跑官,95864,116996,,,,4
路演,41537,89127,,,,4
躍層,95930,119548,,,,4
車模展,41799,85661,,,,4
軍樂團,96024,94184,,,,4
軍管會,96032,94179,,,,4
軍墾,65032,21033,,,,4
軟儲備,41915,87723,,,,4
軟目標,41885,87177,,,,4
轉校費,42121,87822,,,,4
辛迪加,96167,120138,,,,4
迎峰度夏,42392,87679,,,,4
返聘,62668,18579,,,,4
返工,42342,81079,,,,4
返修,62670,18575,,,,4
速遞,96406,117056,,,,4
連捲袋,42664,85892,,,,4
連陽,42683,85898,,,,4
連軸轉,65591,22762,,,,4
運營,70536,25566,,,,4
郊縣,96717,94382,,,,4
金領,44125,21346,,,,4
錦綸,44446,81628,,,,4
開小會,97386,93667,,,,4
開割,97379,94021,,,,4
開凍,97378,94013,,,,4
閻王債,97465,120486,,,,4
闖關東,97477,91189,,,,4
隨行就市,97670,117203,,,,4
雙搶,97766,117374,,,,4
雙轉移,45956,88711,,,,4
雙限雙競,45922,88589,,,,4
零團費,46359,86221,,,,4
零飢餓,46338,86218,,,,4
零差率,46336,86217,,,,4
電灶,97958,88966,,,,4
電站,62232,20114,,,,4
鞭打快牛,98144,91682,,,,4
領崗定責,46966,86474,,,,4
題海,98291,120799,,,,4
風雨衣,62852,21211,,,,4
饑荒,121010,22544,,,,4
首映式,47601,80194,,,,4
首腦會議,68010,89085,,,,4
高師,63177,21793,,,,4
高解像,48143,86838,,,,4
鬍子拉碴,63944,21845,,,,4
鬧市區,98773,117800,,,,4
鴛鴦樓,98877,120412,,,,4
麻團,48690,81245,,,,4
黑磚窯,48815,87496,,,,4
一體式,335,372,,,,4
下訪,526,577,,,,4
串種,109945,14559,,,,4
主承銷商,1325,410,,,,4
乘警,61512,5521,,,,4
乾租,111103,12055,,,,4
二傳手,80663,15562,,,,4
五水共導,1683,212,,,,4
五點一線,1717,533,,,,4
代用鹽,2190,80403,,,,4
俄語年,3121,1223,,,,4
個調稅,3359,456,,,,4
個體戶,3363,60919,,,,4
催穀,3790,648,,,,4
光伏,122171,115705,,,,4
入常,4294,1031,,,,4
具體勞動,81686,15641,,,,4
冒頂,66016,5236,,,,4
冰坨,109256,16204,,,,4
冷害,81792,16268,,,,4
出乘,81868,14279,,,,4
出徒,81886,14288,,,,4
出臺,5280,80998,,,,4
分米,110890,13993,,,,4
割接,111200,13972,,,,4
創演,5864,2399,,,,4
創利,61693,7289,,,,4
創優,61697,7305,,,,4
劃痕險,5889,2434,,,,4
劉海兒,5920,81654,,,,4
加車,64384,5889,,,,4
動換,110532,17441,,,,4
勞動對象,112983,14220,,,,4
包桌,60706,6002,,,,4
包打天下,82310,14696,,,,4
包間,6338,81351,,,,4
反超,110777,16053,,,,4
受看,68016,7182,,,,4
口算,65252,5716,,,,4
司務長,68175,5861,,,,4
吃準,109763,15658,,,,4
吊錢,110472,19802,,,,4
吊鹽水,7655,2414,,,,4
呼臺,82929,15979,,,,4
和諧號,8182,1741,,,,4
商飛,8432,2911,,,,4
單排輪滑,8719,81051,,,,4
回放,9151,74800,,,,4
國省道,9325,1582,,,,4
國家稅,83287,115442,,,,4
圓白菜,70480,6536,,,,4
在線遊戲,122356,117345,,,,4
地庫,122199,115880,,,,4
城調,9871,2240,,,,4
墊圈,121493,87654,,,,4
壁櫃,83650,12213,,,,4
大路菜,121556,90517,,,,4
太陽灶,11352,80146,,,,4
夾口型,11454,2677,,,,4
奔小康,11495,81046,,,,4
奪金點,11623,2820,,,,4
姥爺,12061,79724,,,,4
安監,12696,3231,,,,4
導遊儀,13613,3106,,,,4
小飯桌,69462,7605,,,,4
就餐,64930,7791,,,,4
工作面,63300,7467,,,,4
布菜,61201,7720,,,,4
康復師,15087,3627,,,,4
廠標,85205,114951,,,,4
彩屏,15538,3881,,,,4
彩信,15537,81251,,,,4
復映片,15837,79818,,,,4
復讀,111027,94913,,,,4
微笑牆,15886,4176,,,,4
快易貸,16144,5279,,,,4
思想準備,16408,81379,,,,4
性價比,16277,5468,,,,4
憤青,121934,118092,,,,4
應試教育,17262,81271,,,,4
房蟲子,17600,4447,,,,4
手腕子,67997,8192,,,,4
打女,17753,4413,,,,4
打車,17792,81697,,,,4
批條,66658,8104,,,,4
投訴網,18168,5500,,,,4
按揭,18660,81273,,,,4
挺括,68570,7740,,,,4
捂盤惜售,18847,4225,,,,4
掛科,120733,18767,,,,4
搶險,67070,8352,,,,4
搶金點,19645,3030,,,,4
撕拉袋,122521,121090,,,,4
整裝車,20814,4927,,,,4
文化衫,20841,95261,,,,4
文憑試,20904,4980,,,,4
文語轉換,20897,81422,,,,4
斷檔,62425,8123,,,,4
方便麵,21138,77014,,,,4
普惠化,21689,10307,,,,4
會來事,22053,81438,,,,4
果酒,63608,9186,,,,4
核電站,22943,80691,,,,4
桑拿,23065,95269,,,,4
樓道,88045,115396,,,,4
樓盤,88043,24275,,,,4
樣條,88074,19861,,,,4
權錢交易,23793,81449,,,,4
歇班,23888,80706,,,,4
正裝,24031,81456,,,,4
歸口,63549,20723,,,,4
毒案,88441,90147,,,,4
毛寸,24467,87098,,,,4
民主集中制,88519,94956,,,,4
民族資本,88538,95346,,,,4
水暖,88620,117363,,,,4
水法,88632,116950,,,,4
決心書,81778,93677,,,,4
汽配,25016,81359,,,,4
汽摩,25020,89828,,,,4
沙荒,88828,116628,,,,4
洋插隊,25484,86421,,,,4
活工資,89050,93097,,,,4
派款,89077,116018,,,,4
浮選,89145,91708,,,,4
海聊,89175,91820,,,,4
液態奶,26025,86446,,,,4
涼白開,65629,21694,,,,4
溜門撬鎖,89472,95366,,,,4
滯後,70975,25162,,,,4
滿勤,89555,96116,,,,4
潮乾,89657,88475,,,,4
濠賭股,27057,86376,,,,4
火箭幹部,27198,80914,,,,4
炒樓,27266,85548,,,,4
熒光屏,27761,80874,,,,4
熱議,27892,22129,,,,4
牆圍,67063,21934,,,,4
片兒警,49441,84820,,,,4
物聯網,121931,118090,,,,4
特困,90282,118947,,,,4
犯怵,90321,94759,,,,4
獨身媽媽,28669,80792,,,,4
現場會,69321,24815,,,,4
生產關係,67784,23502,,,,4
生物鐘,29284,79759,,,,4
生物技術,29282,79758,,,,4
甲感,29469,86450,,,,4
病休,61061,18093,,,,4
白衣戰士,91092,90677,,,,4
皮筋,91148,116371,,,,4
瞎奶,69226,86927,,,,4
砍刀幫,31312,85345,,,,4
砍大山,65131,19154,,,,4
研究生院,91502,119389,,,,4
硬指標,91537,120009,,,,4
硬通貨,70262,25848,,,,4
硬苦力,31423,86994,,,,4
碰頭會,66651,22247,,,,4
碰瓷,121939,118097,,,,4
碼放,91579,95552,,,,4
票販子,91713,116145,,,,4
禮儀小姐,91753,92970,,,,4
科學城,91829,93218,,,,4
程序控制,61517,18018,,,,4
稱錢,32265,81475,,,,4
空間技術,92029,93866,,,,4
穿煲,32483,86988,,,,4
立項,65566,18606,,,,4
笑星,32725,80302,,,,4
第一產業,32778,74309,,,,4
第三梯隊,92216,90247,,,,4
第二產業,32787,74316,,,,4
第二職業,32789,74321,,,,4
第二課堂,92219,90243,,,,4
等外品,62119,90104,,,,4
策劃師,32833,87450,,,,4
管教所,92283,92542,,,,4
精神文明建設,33257,81159,,,,4
精品遊,33251,85402,,,,4
糧票,92496,93935,,,,4
系列劇,92503,118156,,,,4
糾偏,92512,96301,,,,4
組織上,92708,118530,,,,4
經濟師,92828,93495,,,,4
綠色通道,92865,94418,,,,4
緊俏商品,33953,81370,,,,4
練攤兒,34160,80790,,,,4
老黃牛,93327,95656,,,,4
考博,34899,80813,,,,4
背包黨,35637,85702,,,,4
胳膊擰不過大腿,93591,95836,,,,4
胸透,93601,119758,,,,4
能上能下,93603,117183,,,,4
能效,35766,22777,,,,4
能動,93604,117188,,,,4
脫盲,68768,24548,,,,4
腐敗房,35968,85658,,,,4
腳沐店,35889,85704,,,,4
膀爺,35976,18250,,,,4
色拉,36761,79796,,,,4
艾滋病,36779,81695,,,,4
莊稼院,94220,120307,,,,4
菜籃子工程,94246,90597,,,,4
菜金,94256,90950,,,,4
葷段子,37482,86354,,,,4
蘇區,121683,95848,,,,4
虛高,38006,24518,,,,4
蠍虎子,69522,87282,,,,4
行包,94708,120174,,,,4
行政公署,94715,120338,,,,4
衛監,38604,87309,,,,4
表決稿,38664,90307,,,,4
袋袋帳,120260,85610,,,,4
西蘭花,39026,81076,,,,4
視頻光盤,39163,26167,,,,4
解小手,39285,81613,,,,4
計算機辭典,121358,86019,,,,4
試驗網,39688,87337,,,,4
誘餌炸彈,39874,87416,,,,4
課題組,95301,95326,,,,4
證明人,95374,119623,,,,4
警種,95394,94705,,,,4
警銜,95397,94708,,,,4
變口,95438,90937,,,,4
豆麵,95473,90806,,,,4
負案,95512,94532,,,,4
責任事故,70631,25943,,,,4
走村串戶,95719,119415,,,,4
超級稻,41338,86750,,,,4
超平,41325,90381,,,,4
超短裙,61423,18407,,,,4
足彩,41407,91399,,,,4
跌份,62274,92015,,,,4
跑題,66589,22682,,,,4
跟帖,121930,118089,,,,4
路由圖,41519,86784,,,,4
蹭停族,41651,91502,,,,4
蹲坑,95923,90860,,,,4
蹲班,95924,90862,,,,4
軟包裝,41886,81313,,,,4
軟驅,96060,117433,,,,4
軟文,41879,87602,,,,4
軟廣告,41911,22845,,,,4
輔料,62967,18540,,,,4
轉企,42104,87775,,,,4
辛苦費,96166,120137,,,,4
退坡,96302,119483,,,,4
送端,42451,91416,,,,4
連陰,121425,86103,,,,4
進尺,64807,21115,,,,4
運營商,43098,81070,,,,4
過硬,63643,21637,,,,4
過勁兒,43161,81105,,,,4
鄉村遊,43654,87901,,,,4
鄉情卡,43659,87903,,,,4
酵子,69517,88819,,,,4
重複訪,44006,86303,,,,4
銀屏,97040,120086,,,,4
銀聯卡,44319,88071,,,,4
鋼精,63140,21367,,,,4
鏰,109087,94634,,,,4
鐘點工,44578,81510,,,,4
長線產品,97299,91555,,,,4
閃粉,44835,88016,,,,4
開發區,97409,94028,,,,4
閱卡機,45050,88051,,,,4
關停併轉,97481,92195,,,,4
關係戶,63483,21590,,,,4
隔音符號,63232,21606,,,,4
集裝箱,45760,79798,,,,4
雙帶雙扶,45928,88596,,,,4
雙百方針,97770,117272,,,,4
雙肩挑,97777,117277,,,,4
雞矢果,64258,87796,,,,4
離退休,97819,96900,,,,4
雪櫃,97862,120521,,,,4
零和博弈,121170,81226,,,,4
雷人,46286,21165,,,,4
電警棍,62211,20174,,,,4
電珠,97962,89161,,,,4
青工,67148,22884,,,,4
音博會,46733,88413,,,,4
頂班,62292,20068,,,,4
顯示屏,98310,120806,,,,4
首創精神,98490,117920,,,,4
馬桶包,98531,97005,,,,4
體校,98666,120909,,,,4
高限,98747,93831,,,,4
高技術戰爭,98704,93818,,,,4
高自考,48054,90624,,,,4
麥客,98953,95916,,,,4
麵的,98118,96657,,,,4
麻豆腐,48677,81243,,,,4
黃段子,48722,86604,,,,4
黑不溜秋,99036,94332,,,,4
黑地兒,121563,95729,,,,4
黑材料,99049,95856,,,,4
黑車,48780,80770,,,,4
一點通,314,240,,,,4
三綠工程,463,388,,,,4
中心雙實線,71006,4811,,,,4
乘務,80615,15336,,,,4
亞健康,69860,5412,,,,4
伴發,108914,19561,,,,4
住讀生,2469,80437,,,,4
來事,112928,19705,,,,4
來電寶,2733,558,,,,4
俏賣,120122,16843,,,,4
保潔,81122,14014,,,,4
側扁,109487,17061,,,,4
傍角,108941,18457,,,,4
充值卡,4037,81334,,,,4
入托,67466,5155,,,,4
全休,67290,6824,,,,4
兩高一資,4494,1491,,,,4
公權私用,4754,1107,,,,4
公交,63308,7019,,,,4
公交卡,4600,1138,,,,4
公僕林,4716,1100,,,,4
兵油子,81673,15466,,,,4
冰激凌,4996,80136,,,,4
冷銷,5056,80737,,,,4
冷招,113066,16267,,,,4
凸現,81863,17004,,,,4
利稅,65572,5851,,,,4
副流感,5810,1971,,,,4
割價,122184,115867,,,,4
助威棒,6057,1250,,,,4
務虛,69109,5957,,,,4
勞模,65452,5974,,,,4
勞動強度,112984,14217,,,,4
勞動改造,65444,5966,,,,4
勞動保護,65442,5969,,,,4
勸睡區,6288,1599,,,,4
勾地,6303,2921,,,,4
包袱底兒,73861,14752,,,,4
北漂,6423,2959,,,,4
匯映,112012,15053,,,,4
厄爾尼諾現象,6875,80327,,,,4
原糧,70471,6694,,,,4
去行政化,6990,3500,,,,4
反扒,82564,15411,,,,4
反斗星,7044,2649,,,,4
反人類罪,7043,2647,,,,4
可釘可鉚,112749,115747,,,,4
吃派飯,82736,15542,,,,4
合作化,82774,15435,,,,4
同比,68596,5922,,,,4
咔嘰,65075,6376,,,,4
咪嘴,8269,1916,,,,4
咴兒咴兒,64132,115246,,,,4
品相,8291,80554,,,,4
哄搶,82985,16393,,,,4
哈喇子,8327,80556,,,,4
唱付,109614,16463,,,,4
商品糧,67642,5932,,,,4
單產,110226,16846,,,,4
嗬,63746,93412,,,,4
嘀嗒,71385,6564,,,,4
嘣,60848,93413,,,,4
回空,83248,94135,,,,4
回採率,9170,3085,,,,4
圈閱,67270,6484,,,,4
國內字,9280,1549,,,,4
國際卡,9372,1624,,,,4
國菸,9347,95260,,,,4
團夥,68711,6546,,,,4
在編,70567,6802,,,,4
地蠶,62157,6682,,,,4
地陪,62168,6671,,,,4
城中村,9856,2230,,,,4
壯工,71162,6449,,,,4
夥犯,10637,80665,,,,4
婚房,12156,80703,,,,4
婦男,12175,2856,,,,4
字節,71248,8115,,,,4
學貸險,12551,3168,,,,4
客觀題,12921,2929,,,,4
客滾船,12912,2910,,,,4
實考分,13233,3506,,,,4
專列,71124,6769,,,,4
小產權房,120475,18934,,,,4
小時工,13707,81205,,,,4
尜,63049,93432,,,,4
居改非,13940,3466,,,,4
工交,63281,7442,,,,4
左行右立,14403,3387,,,,4
差不點兒,61288,7559,,,,4
差生,61291,7562,,,,4
平魚,14787,81339,,,,4
幸福學,14898,4124,,,,4
廠休,15150,67040,,,,4
彆嘴,82055,114959,,,,4
彩民,15530,3873,,,,4
復轉,94905,96515,,,,4
復壯,85467,94897,,,,4
快餐麵,16172,5291,,,,4
快速麵,16157,5289,,,,4
情景劇,16634,3737,,,,4
拐點論,18412,5764,,,,4
拼克,18669,4219,,,,4
排隊日,19252,4342,,,,4
插冊,109498,95937,,,,4
搞活,86567,116464,,,,4
摩爾,66223,8076,,,,4
播客,121928,118088,,,,4
攤點,68340,9575,,,,4
放映員,62736,8358,,,,4
放冷風,62726,8327,,,,4
政治指導員,70888,8374,,,,4
教程,64680,8397,,,,4
教導員,64681,8385,,,,4
散養,20677,5035,,,,4
文化園,20842,4970,,,,4
文胸,20879,81284,,,,4
方方面面,62694,8188,,,,4
旺銷,68895,8581,,,,4
杧果,121687,95853,,,,4
核爭執,22931,9048,,,,4
棉毛衫,23240,80342,,,,4
歐佩克,88241,116094,,,,4
正稅,88279,92589,,,,4
死緩,88381,85460,,,,4
殘疾人運動會,88403,90430,,,,4
比薩餅,109112,121381,,,,4
毛活,88487,94853,,,,4
水地,88607,116810,,,,4
水房,88617,116975,,,,4
水炮,121444,86776,,,,4
水電站,68117,23715,,,,4
沉井,88754,94206,,,,4
油路,88896,117828,,,,4
治軟,25412,86413,,,,4
泡子,88952,116004,,,,4
泡子,122342,116517,,,,4
海匪,89151,91812,,,,4
海魂衫,89197,91852,,,,4
海待,25920,89819,,,,4
消費資料,69419,26004,,,,4
淨菜,89267,94122,,,,4
清淩淩,89354,116558,,,,4
減倉,26418,20363,,,,4
溼租,27074,22439,,,,4
滅貧,26514,86484,,,,4
滌棉,62140,18873,,,,4
演職人員,26670,80987,,,,4
潑髒水,26970,80911,,,,4
火電站,89787,92042,,,,4
烈軍屬,89858,93142,,,,4
無性婚,27474,87502,,,,4
熱看,27842,86655,,,,4
燙頭,90144,119559,,,,4
爬泳,90177,116232,,,,4
物化勞動,90264,118138,,,,4
特種警察,122403,119800,,,,4
特許經營,90297,119007,,,,4
犯難,120966,19315,,,,4
狗刨,90352,91899,,,,4
現貸派,29043,86720,,,,4
生活垃圾,29291,81095,,,,4
生態牛,29348,86740,,,,4
生境,90636,116449,,,,4
田管,29484,19803,,,,4
留人獎,29564,85136,,,,4
病號飯,90916,91506,,,,4
發展觀,121781,97170,,,,4
發電站,62572,19240,,,,4
發現權,91011,92368,,,,4
的確良,62137,18926,,,,4
的哥,91125,88504,,,,4
皮猴兒,30416,80399,,,,4
皮筒子,91149,116370,,,,4
監外執行,91201,96720,,,,4
瞞報,31077,81252,,,,4
硬任務,91530,120004,,,,4
碼垛,91578,95558,,,,4
社保費,31659,87053,,,,4
科企,32092,85528,,,,4
科技含量,91835,93204,,,,4
科技示範戶,91837,93201,,,,4
程控電話,32198,18025,,,,4
空白點,92016,93585,,,,4
窗口行業,92061,89153,,,,4
立方米,65562,23095,,,,4
管卡壓,92281,92533,,,,4
篩查,92320,117666,,,,4
精神垃圾,92448,93719,,,,4
糟改,92487,118702,,,,4
糾風辦,33366,81163,,,,4
綠色食品,34110,80179,,,,4
綠盾,34122,87729,,,,4
網絡劇,34029,89034,,,,4
網交會,34006,87823,,,,4
美譽度,34687,87541,,,,4
翻身仗,93247,92891,,,,4
老眼光,93304,95662,,,,4
老玉米,65477,22635,,,,4
耲,64037,93139,,,,4
聰明布,35331,85823,,,,4
職業高中,93466,118740,,,,4
職務工資,93455,118637,,,,4
聽子,93471,118951,,,,4
肅反,93479,116872,,,,4
背囊客,35655,90141,,,,4
胞波,93578,90488,,,,4
胸牌,93596,119827,,,,4
脫崗,121712,96912,,,,4
腈綸,64859,6345,,,,4
臥談會,36102,87225,,,,4
臨界婚姻,36128,86574,,,,4
自留地,93847,119064,,,,4
自治區,71247,25353,,,,4
致幻劑,36412,81190,,,,4
航天飛機,36639,80184,,,,4
苗情,94101,94893,,,,4
茶吧,94147,90556,,,,4
落膘,37473,80861,,,,4
薩烏拉浴,37827,87915,,,,4
衛生間,38588,81311,,,,4
表筆,94795,90354,,,,4
裝熊,94870,119239,,,,4
複雜勞動,94907,96379,,,,4
西紅柿,39006,76507,,,,4
視盤機,95000,117026,,,,4
親魚,39204,80297,,,,4
解剖麻雀,95040,94436,,,,4
設崗定責,39551,87289,,,,4
誤工,69119,25075,,,,4
講師團,95362,95443,,,,4
變態反應,60945,86106,,,,4
貓魚,113571,95257,,,,4
買辦資產階級,113510,94975,,,,4
買辦資本,95579,95254,,,,4
貼牌,120576,20223,,,,4
走臺,95712,119489,,,,4
趁墒,95774,92129,,,,4
超標天,41358,86758,,,,4
超假,95780,91655,,,,4
趕先進,95816,96062,,,,4
足浴店,41403,91395,,,,4
路服,95890,96995,,,,4
身架,95943,117305,,,,4
車帶,95964,90880,,,,4
軌道站,41866,85671,,,,4
軍博會,41846,85668,,,,4
軟環境,41914,22848,,,,4
軟裝,41904,87720,,,,4
輻照,96120,92410,,,,4
轉產,71134,25773,,,,4
轉幹,96133,119951,,,,4
農業稅,96203,116905,,,,4
退賠,68738,24227,,,,4
逆反心理,42462,80629,,,,4
速生,96403,117044,,,,4
過得硬,96508,21876,,,,4
道牙,96537,90974,,,,4
適銷,96589,117162,,,,4
遮目魚,70783,87956,,,,4
鄉郵,96752,120435,,,,4
酷語,43805,81191,,,,4
酸凝酪,120176,21644,,,,4
釘子崗,44171,86326,,,,4
錯峰,44395,81200,,,,4
鐵板釘釘,97215,119696,,,,4
鐵哥們兒,97205,119722,,,,4
長官意志,97275,91516,,,,4
長臉,97302,91580,,,,4
閃閃族,44836,88017,,,,4
閃客,44833,88015,,,,4
開氏溫標,112671,95720,,,,4
閑侃,44990,80870,,,,4
防特,97509,92218,,,,4
陪老,97587,117192,,,,4
陶吧,97613,120268,,,,4
雀子,67308,89234,,,,4
集成化,97726,95906,,,,4
集疏運,45753,87972,,,,4
雙普選,45932,88619,,,,4
雙底,45911,88265,,,,4
離休,45845,80454,,,,4
雨披,97841,120290,,,,4
青戲節,46544,88234,,,,4
靠譜,112727,121123,,,,4
頂崗,98195,91695,,,,4
飄紅,47305,80745,,,,4
飲歌,47437,88380,,,,4
髒亂差,98654,120588,,,,4
高新區,48138,86841,,,,4
高擋,48159,114203,,,,4
高保真,98677,93829,,,,4
高知,63187,88950,,,,4
鬍子工程,98764,93041,,,,4
魚花,70379,88447,,,,4
鮮靈,98837,120739,,,,4
麥垛,98950,95918,,,,4
麻辣媽媽,48689,88750,,,,4
黃網,48740,86900,,,,4
黑板報,63806,8688,,,,4
黨票,99109,91561,,,,4
齊刷刷,99143,119265,,,,4
一戶一驗,46,261,,,,4
一票式,205,95,,,,4
一摺式,100,351,,,,4
三違一堵,461,439,,,,4
三警合一,472,391,,,,4
三角賽,421,397,,,,4
上崗,67665,4643,,,,4
上訪,655,58282,,,,4
下崗,69240,4603,,,,4
中師,71003,4824,,,,4
亂乎,113419,12138,,,,4
代培,61957,5328,,,,4
休整,69685,5683,,,,4
使假,2858,80962,,,,4
來火,81063,19697,,,,4
信息碼,2933,836,,,,4
個人數字助理,111219,16160,,,,4
倒煙,110302,16125,,,,4
倒插筆,81205,16112,,,,4
傍老族,3647,663,,,,4
傳承鏈,3710,837,,,,4
儲蓄所,61648,5580,,,,4
光棍兒漢,120127,16909,,,,4
兌諾,4201,859,,,,4
免疫排異反應,120664,21479,,,,4
兜頭蓋臉,110548,12982,,,,4
公安局,4599,81599,,,,4
公檢法,63307,7123,,,,4
公辦教師,122328,115797,,,,4
六一國際兒童節,113310,13010,,,,4
冷藏鏈,5068,1166,,,,4
刮鼻子,111373,12971,,,,4
刺兒話,110026,15133,,,,4
創板,5844,2043,,,,4
劃轉,111874,14987,,,,4
力錢,73680,15909,,,,4
劫道,82235,16537,,,,4
勞動保險,65443,5968,,,,4
包保,108951,14721,,,,4
半文盲,60673,5445,,,,4
博客,6725,80139,,,,4
叛賣,66567,7226,,,,4
口膠,119966,17480,,,,4
可達性,7381,1694,,,,4
吃大灶,122483,120982,,,,4
吃青,109760,15539,,,,4
吧托,7988,1550,,,,4
告地狀,111177,15747,,,,4
告破,82916,15768,,,,4
咖啡伴侶,8128,81301,,,,4
咪表,113661,16385,,,,4
售文網,8574,1334,,,,4
商品城,8430,2904,,,,4
單身媽媽,122735,121473,,,,4
嘎子,63048,6393,,,,4
噪聲,70626,6209,,,,4
回水,9140,3059,,,,4
圍嘴兒,75147,120912,,,,4
土政策,68701,6608,,,,4
在譜,9743,80626,,,,4
地埂,110377,115281,,,,4
坐蠟,9802,80632,,,,4
城鐵,49383,84479,,,,4
報批,60731,6196,,,,4
太陽鏡,11360,80147,,,,4
套均,11569,2742,,,,4
好賴,63729,7676,,,,4
娛樂城,84189,18487,,,,4
娛記,12106,2843,,,,4
宇航,70400,6282,,,,4
富二代,13157,80155,,,,4
專業戶,71130,6809,,,,4
工薪收入,63289,7505,,,,4
差等生,61290,7563,,,,4
師兄球,14586,3883,,,,4
帶氧運動,14619,80156,,,,4
廉租房,121919,118001,,,,4
廠禮拜,61394,7570,,,,4
強債,15436,3790,,,,4
待崗,15633,81337,,,,4
微機群,15894,4178,,,,4
快男,16140,5278,,,,4
慢件,65972,7420,,,,4
手電,67986,8193,,,,4
扛活,65142,8699,,,,4
扶襯,18013,80693,,,,4
技巧運動,78376,88528,,,,4
投影儀,18186,81612,,,,4
投影屏,18185,5501,,,,4
抗訴,65148,7999,,,,4
拉拉蛄,18273,80408,,,,4
掃盲,67562,7668,,,,4
掏漿糊,19340,4344,,,,4
排異反應,120732,18773,,,,4
掘土機,65016,8067,,,,4
掛職,19113,80787,,,,4
提速圈,19457,4182,,,,4
撈稻草,65440,8105,,,,4
擴印,65370,9317,,,,4
攝像,67734,9573,,,,4
改錐,20358,79753,,,,4
放飛機,20390,4835,,,,4
政治避難,70884,8377,,,,4
整風,70856,8441,,,,4
文祕,69004,8282,,,,4
文藝工作團,69012,8264,,,,4
斬件式,20987,7867,,,,4
早上好,21313,81432,,,,4
明面,66196,8853,,,,4
春拍,21477,9021,,,,4
普通話,21685,79789,,,,4
暈眩彈,21805,10977,,,,4
暢想,61405,8791,,,,4
替班,22038,68939,,,,4
本壘打,22488,80004,,,,4
條形碼,23152,80696,,,,4
棉滌,87904,19122,,,,4
棉毛褲,23241,80346,,,,4
款女,23854,80705,,,,4
正橋,70872,25250,,,,4
武警部隊,88323,118348,,,,4
毛滌,65991,22020,,,,4
民族區域自治,88534,95344,,,,4
民工,66177,89026,,,,4
汽車遊,25010,87329,,,,4
治黃,88918,119194,,,,4
泡沫塑料,25391,80161,,,,4
波普,25365,89704,,,,4
活茬,89060,93565,,,,4
浪射,25753,89734,,,,4
浪谷,89123,93193,,,,4
浪峰,89121,93414,,,,4
淖爾,66390,22492,,,,4
淨身出戶,120490,20080,,,,4
湊手,61768,18855,,,,4
漢堡包,26712,79756,,,,4
漢顯,89619,96623,,,,4
潔能,26883,86362,,,,4
激光,27007,80801,,,,4
激光視盤,27010,80174,,,,4
灰領,27221,80915,,,,4
片房,28155,86631,,,,4
特批,90288,118946,,,,4
玄乎,69757,89959,,,,4
生產隊,90676,116440,,,,4
白區,91048,95570,,,,4
白案,91060,94925,,,,4
白班,60591,18465,,,,4
盤炕,91217,116388,,,,4
省區,91314,116400,,,,4
硬力量,31410,86978,,,,4
硬臥,70263,25847,,,,4
福利彩票,91740,92266,,,,4
禮花,65537,22149,,,,4
稀料,91882,119021,,,,4
空間探測器,92030,93868,,,,4
空哥,32412,86135,,,,4
立窯,92116,94180,,,,4
笑笑團,32732,86999,,,,4
笑臉牆,32742,87002,,,,4
笨雞蛋,120052,18609,,,,4
第三產業,32795,74336,,,,4
簽售,33107,23107,,,,4
精神產品,92451,95375,,,,4
紅細胞,33411,81254,,,,4
紮堆,70660,8215,,,,4
結合部,92720,96216,,,,4
給力,120059,18740,,,,4
統銷,68629,24205,,,,4
經濟技術開發區,92830,93490,,,,4
總裝,93045,120835,,,,4
羅曼司,34603,80809,,,,4
翻改,93234,92893,,,,4
老少邊窮,93280,96132,,,,4
老光,93264,95658,,,,4
老虎灶,93312,96090,,,,4
老實巴交,93275,95630,,,,4
聯檢,93419,96517,,,,4
職業大學,93463,118652,,,,4
職高,93468,118601,,,,4
背靜,60803,18128,,,,4
能源林,35772,92308,,,,4
腚,62325,94591,,,,4
自歸器,36368,86550,,,,4
自選市場,71244,87198,,,,4
自治縣,93820,118872,,,,4
航天器,36642,80843,,,,4
英模,94135,120261,,,,4
英才班,37035,87235,,,,4
藍牌,37787,85108,,,,4
處警,94535,91214,,,,4
蟲情,94631,90351,,,,4
表演唱,60986,19299,,,,4
裡手,65541,22685,,,,4
裸分,38874,85622,,,,4
視盤,39159,26165,,,,4
解放軍,95048,94433,,,,4
計算機犯罪,95099,95795,,,,4
記工,95112,95817,,,,4
試點,67943,25054,,,,4
調研,62261,19242,,,,4
調幹,62256,19247,,,,4
警司,95387,94566,,,,4
變工,95441,90654,,,,4
豁口,95462,96317,,,,4
貓膩,40605,80441,,,,4
購車證,41088,85716,,,,4
赤黴酸,121506,91564,,,,4
超產,61418,18372,,,,4
超水平,95792,91614,,,,4
趴窩,95850,116943,,,,4
跑神,41449,80997,,,,4
蹭飯,41652,80876,,,,4
車幫,95965,90892,,,,4
車購稅,41805,85662,,,,4
軟任務,96045,117370,,,,4
輸液,42073,81450,,,,4
轉崗,96132,119937,,,,4
辣妹子,42198,80868,,,,4
農轉非,96214,116930,,,,4
迎講樹,42400,87684,,,,4
速凍蔬菜,96397,117058,,,,4
速凍食品,96398,117057,,,,4
連褲襪,65588,22766,,,,4
逼供信,96466,90820,,,,4
過話,63629,21641,,,,4
郵遞員,43637,81088,,,,4
醫療券,43885,87917,,,,4
金貴,97000,96558,,,,4
銀團貸款,97039,120095,,,,4
銀燕,97048,120097,,,,4
銷勢,97076,119654,,,,4
鋪攤子,97099,117582,,,,4
鐘點房,44579,21492,,,,4
鐵流,97219,119704,,,,4
閃電裝,44843,88020,,,,4
開箱率,44965,86145,,,,4
阿爾茨海默病,49496,84914,,,,4
阿凡提,97524,91190,,,,4
險段,97681,119697,,,,4
集市貿易,97724,95900,,,,4
集鎮,97740,95951,,,,4
雙職工,45955,79729,,,,4
離土,45837,80452,,,,4
零點場,46366,86228,,,,4
雷倒,46293,90599,,,,4
電霸,110421,89220,,,,4
電視差轉臺,97978,89171,,,,4
青年宮,98045,117317,,,,4
非公有制經濟,121916,117997,,,,4
面老,98121,96808,,,,4
革命化,98128,92072,,,,4
頂球機,46807,86428,,,,4
風派,62847,20108,,,,4
飲牲口,98429,120680,,,,4
餎餷,121610,93700,,,,4
首問制,47610,89083,,,,4
馬大嫂,47678,88371,,,,4
體育運動學校,122417,120908,,,,4
高標號,98717,94066,,,,4
高技術,98703,93804,,,,4
高參,98686,93997,,,,4
髮卡彎,48188,4361,,,,4
魚秧子,70385,88450,,,,4
鴛鴦房,48532,88669,,,,4
黃梨,48731,95210,,,,4
黃金週,48716,80767,,,,4
黑磚場,48814,87494,,,,4
黑線,99064,95957,,,,4
一地兩檢,73,276,,,,4
串崗,109938,11733,,,,4
串案,109937,11696,,,,4
乾打壘,111092,11881,,,,4
事務主義,67935,5370,,,,4
二道販子,80684,15558,,,,4
交通員,80769,15854,,,,4
人行橫道,1936,80131,,,,4
代金券,2202,727,,,,4
供銷合作社,111267,19693,,,,4
保媒,81116,13162,,,,4
保底,3016,895,,,,4
保廉,3040,80516,,,,4
保質期,3048,81676,,,,4
保電,3041,915,,,,4
個貸,3357,520,,,,4
備不住,60791,5043,,,,4
備汛,109031,17100,,,,4
催巴兒,110072,17695,,,,4
全冠王,4419,1366,,,,4
兩孤一殘,4487,1498,,,,4
公房,81625,15335,,,,4
公助,81618,15310,,,,4
再貸款,4866,778,,,,4
冬運,62346,5344,,,,4
冷餐會,65515,5432,,,,4
冷櫃,81796,16402,,,,4
凡爾丁,62628,5295,,,,4
刷博,5669,1421,,,,4
創衛,5865,2438,,,,4
加塞兒,112208,15935,,,,4
動窩,82250,17446,,,,4
動銷,82255,17465,,,,4
勞動模範,65447,5972,,,,4
包房,6326,81350,,,,4
匯展,112013,15055,,,,4
半脫產,60672,5457,,,,4
半拉,60671,5453,,,,4
危改區,6818,1753,,,,4
友誼商店,7041,62046,,,,4
司令員,68173,5857,,,,4
吃透,61537,6085,,,,4
合同工,63756,6138,,,,4
吹風會,7941,80529,,,,4
和平共處五項原則,111645,16016,,,,4
哭鼻子,83011,16679,,,,4
商亭,67646,5930,,,,4
嘀嘀嗒嗒,121351,85161,,,,4
嘞嘞,83172,93772,,,,4
囊膪,66365,6302,,,,4
回退,9164,3082,,,,4
國民生產總值,9293,79783,,,,4
國資行,9354,1591,,,,4
地滾球,62163,6674,,,,4
基民,9973,2185,,,,4
夠戧,63381,7297,,,,4
夢它舞,10622,2250,,,,4
大小非,10662,2312,,,,4
奔頭兒,60846,7931,,,,4
奶糖,11723,80148,,,,4
宗派主義,71254,6658,,,,4
官倒,12833,65276,,,,4
定級,62313,6665,,,,4
定編,62310,6723,,,,4
實勁,13248,3519,,,,4
寫字間,69544,6596,,,,4
封一,13373,81582,,,,4
封四,13379,81584,,,,4
小蜜,13748,81211,,,,4
小靈通,13775,3388,,,,4
小青年,69485,7096,,,,4
小票,13715,81431,,,,4
小人書,13636,80320,,,,4
少年宮,67706,7756,,,,4
局氣,122202,115853,,,,4
展櫥,14018,3564,,,,4
工作包,14301,3318,,,,4
市長班,14489,3852,,,,4
帖吧,14551,3878,,,,4
幹休所,63124,7068,,,,4
廢學,15177,80445,,,,4
彩炮,15535,3879,,,,4
彩點,15550,3889,,,,4
彩擴,61236,6413,,,,4
復原乳,15839,4083,,,,4
必要勞動,85535,97192,,,,4
急救車,16454,80380,,,,4
恐購症,16546,3605,,,,4
愣頭兒青,65521,7712,,,,4
房蟲,17599,4364,,,,4
扁桃體,60933,8154,,,,4
手車,17680,81655,,,,4
找茬兒,70767,8050,,,,4
承想,86073,115793,,,,4
投行,18140,5494,,,,4
折機,18105,4129,,,,4
拼縫,18681,80763,,,,4
指墨畫,18759,4223,,,,4
捆綁夫妻,18895,80764,,,,4
掛任,19093,4251,,,,4
換屆,111921,117140,,,,4
搞花架子,19585,80216,,,,4
搶註,19654,4106,,,,4
擺份兒,20110,80225,,,,4
攀枝花,66549,9426,,,,4
收錄機,67975,10289,,,,4
收集量,20272,5302,,,,4
放利,62727,8329,,,,4
政治教導員,70886,8375,,,,4
政委,70883,8373,,,,4
數碼港,20777,4935,,,,4
文化水平,69003,8266,,,,4
文娛,69013,8267,,,,4
新老劃段,21013,9800,,,,4
方面軍,87082,115295,,,,4
早老性痴呆,70613,8511,,,,4
星評,21538,9057,,,,4
杭育,22567,80784,,,,4
東不拉,62335,9147,,,,4
梗咽,63271,10556,,,,4
條子生,23148,9414,,,,4
歌吧,23905,89592,,,,4
歌屋,23907,89594,,,,4
殲擊機,64457,20944,,,,4
毛細血管,88494,94929,,,,4
毛票,88491,94940,,,,4
民樂,88541,95351,,,,4
民轉刑,24591,86760,,,,4
民警,88545,95358,,,,4
民間大使,24569,80160,,,,4
氟利昂,24602,80785,,,,4
氣球貸,24641,86767,,,,4
水靴,88682,117356,,,,4
水暖工,88621,117365,,,,4
水炮車,24748,86777,,,,4
沒承想,88777,96682,,,,4
沒跑兒,25053,81380,,,,4
治假,88907,119193,,,,4
法盲,62604,18750,,,,4
活勞動,89045,93640,,,,4
派性,89076,116015,,,,4
浮誇風,89143,91700,,,,4
浴液,89146,119545,,,,4
消火栓,69420,23744,,,,4
混交林,89313,91765,,,,4
減塑,26423,89052,,,,4
溫乎,89484,120518,,,,4
滿負荷,89572,95989,,,,4
滿擰,89564,96120,,,,4
漢語年,26714,86323,,,,4
火車皮,89781,91976,,,,4
烈屬,89855,93145,,,,4
無極燈,27565,87638,,,,4
無線尋呼機,69082,87707,,,,4
牆裙,67061,21163,,,,4
牛仔服,28213,80175,,,,4
特服號,28349,86694,,,,4
特別快車,68418,24649,,,,4
特首,121780,97165,,,,4
特嫌,90286,119009,,,,4
玩兒票,28856,70640,,,,4
玩兒命,28855,70639,,,,4
球霸,28967,89982,,,,4
環誌,111912,93531,,,,4
生活程度,67788,90203,,,,4
生物製品,90666,116428,,,,4
用工,90714,118037,,,,4
病秧子,90913,91353,,,,4
發盤,91017,92371,,,,4
皮試,91157,116372,,,,4
監督崗,91207,96727,,,,4
看青,91341,93198,,,,4
瞇瞪,66090,85360,,,,4
砘,62468,93314,,,,4
破冰價,31354,86973,,,,4
碼洋,91580,95555,,,,4
秋假,91810,116338,,,,4
科協,91826,93205,,,,4
科學發展觀,91832,93453,,,,4
科委,91828,93206,,,,4
稅控機,32228,86949,,,,4
立交,92100,93855,,,,4
端口,92152,89707,,,,4
第一書記,62187,86959,,,,4
等內,92239,90493,,,,4
管片,32936,20578,,,,4
節徽,32932,87817,,,,4
節能減排,32922,87814,,,,4
簡單勞動,92334,93986,,,,4
米尺,66104,22304,,,,4
糖食,92479,118691,,,,4
紅頭文件,92573,93626,,,,4
素數,92620,25624,,,,4
組稿,92706,118527,,,,4
組織性,92709,118532,,,,4
組織關係,92711,118533,,,,4
結構工資,92728,96387,,,,4
統貨,92794,118321,,,,4
網絡卡,121446,89710,,,,4
縮微,68287,23840,,,,4
群租,34767,90946,,,,4
義務工,93198,118647,,,,4
考機,65157,85495,,,,4
考點,65155,20930,,,,4
聯社,93424,96459,,,,4
聯調,35380,85822,,,,4
聲訊,93444,116830,,,,4
職業裝,93464,118882,,,,4
胚葉,66611,87394,,,,4
脫銷,35827,81360,,,,4
自然選擇,93834,119095,,,,4
自留山,93848,119062,,,,4
自學考試,93791,119174,,,,4
自選商場,93872,119175,,,,4
自治州,93818,118870,,,,4
菜譜,37396,81383,,,,4
菜窖,61242,18726,,,,4
華姐,37321,23921,,,,4
萊塞,112931,91316,,,,4
薌劇,37719,80889,,,,4
薩克斯管,67512,24467,,,,4
虎著臉,94522,92202,,,,4
蝲蝲蛄,38225,81604,,,,4
血象,94696,120078,,,,4
行權日,38533,86552,,,,4
袋裝水,38752,85611,,,,4
被動吸菸,38734,79832,,,,4
襪褲,68803,87432,,,,4
西電東送,39014,87344,,,,4
視屏,94997,117021,,,,4
角票,95035,96352,,,,4
計劃單列市,95094,95809,,,,4
託管庫,39465,87268,,,,4
診室,39603,80358,,,,4
評幹,95147,116709,,,,4
警衛員,64884,86243,,,,4
豆腐花,120575,20211,,,,4
責任田,95559,119651,,,,4
貸學金,40838,80536,,,,4
赤腳醫生,109797,91035,,,,4
赤黴素,95703,91562,,,,4
走形,95716,119410,,,,4
走熱,95724,119495,,,,4
超聲速,49478,84459,,,,4
超女,41322,90378,,,,4
趕超,63097,21036,,,,4
跌眼鏡,41435,81618,,,,4
路怒,41526,86786,,,,4
路礦,95892,96394,,,,4
路條,41530,81321,,,,4
蹦迪,41639,18436,,,,4
車匪路霸,95959,90878,,,,4
車馬店,95984,90879,,,,4
車軲轆話,95977,87160,,,,4
軍嫂,96018,94176,,,,4
軟椅,96051,117426,,,,4
軟指標,96050,117382,,,,4
軟裝修,41905,87721,,,,4
轉軌經濟,42118,81064,,,,4
辦結率,42224,85689,,,,4
農民工,121782,97171,,,,4
農貿市場,66473,22746,,,,4
農藝師,96210,116931,,,,4
迅跑,96222,120140,,,,4
返貧,96254,95292,,,,4
逆反,96326,116971,,,,4
連聘,42685,81092,,,,4
進級點,42955,85903,,,,4
遊車河,26338,86457,,,,4
達標水,43109,86093,,,,4
違規房,43233,22870,,,,4
選優,96617,120481,,,,4
邪乎,96711,120145,,,,4
醫鬧,43881,88029,,,,4
醫托,43874,88028,,,,4
鋼鏰,111138,94970,,,,4
錄入,44460,81174,,,,4
錄音報道,97130,96183,,,,4
錯時遊,44394,81199,,,,4
長城站,97273,93526,,,,4
閃爆彈,44846,88021,,,,4
開綠燈,65098,21723,,,,4
閘機,45029,88047,,,,4
陪跑分子,45397,93325,,,,4
集貿市場,97736,95940,,,,4
集體經濟,64314,21614,,,,4
零報告,46349,86247,,,,4
零轉會費,46367,86230,,,,4
零擔,97899,96609,,,,4
電吹風,46129,81393,,,,4
非典,110855,90295,,,,4
預製件,98232,120790,,,,4
領導班子,98243,97055,,,,4
顯擺,47177,80741,,,,4
飛播,62739,19959,,,,4
馬彩,47704,88362,,,,4
騰空船,47825,114201,,,,4
體態語,48019,80760,,,,4
高等學校,63153,21823,,,,4
高溫假,48134,86853,,,,4
高精尖,98731,94029,,,,4
髮屋,98753,93030,,,,4
髮卡,48187,80197,,,,4
麻經,98980,96925,,,,4
齊抓共管,99144,118512,,,,4
一刀切,4,3,,,,4
一房一驗,142,28,,,,4
一免一補,114,383,,,,4
一窗式,219,101,,,,4
一軸四館,227,107,,,,4
七人車,340,376,,,,4
上層建築,67659,4748,,,,4
上料架,644,1352,,,,4
不大離,80392,13796,,,,4
丙種射線,61041,4757,,,,4
中專,71009,4825,,,,4
中轉,1267,81322,,,,4
主被叫,1342,158,,,,4
主叫,1309,404,,,,4
二流子,62555,5178,,,,4
二手樓,1637,901,,,,4
二把刀,62549,5175,,,,4
代孕,2191,80404,,,,4
代幣券,2223,746,,,,4
伙子,112084,18547,,,,4
併網,109276,13836,,,,4
侃爺,120120,16656,,,,4
供暖,63333,6520,,,,4
俏銷,2989,81330,,,,4
倒匯,62053,4867,,,,4
倒牌子,110295,16116,,,,4
倒票,110296,16076,,,,4
倒插門,62068,4866,,,,4
停車帶,3403,639,,,,4
偽假,3435,556,,,,4
光刀,111441,18636,,,,4
全陪,4447,884,,,,4
全景畫,4448,870,,,,4
公汽,120444,21986,,,,4
冠心病,63499,5321,,,,4
冷鏈,5069,1167,,,,4
凌凙,113259,14069,,,,4
出圈,81883,14382,,,,4
出警,81910,14449,,,,4
分戶驗收,5380,1228,,,,4
分屏,5411,1198,,,,4
別價,109238,14588,,,,4
剪紙片,64505,7270,,,,4
副選隊,5818,1975,,,,4
創收,61695,7285,,,,4
創業板,5861,2045,,,,4
創可貼,5839,15283,,,,4
助威服,6056,1249,,,,4
動遷,82254,17463,,,,4
勞改,65448,5965,,,,4
勞動教養,65445,5970,,,,4
勞動法,82277,14695,,,,4
包產,60695,6004,,,,4
包乘制,108952,14742,,,,4
博導,109313,13949,,,,4
博主,6720,1647,,,,4
博彩,82450,13943,,,,4
厄爾尼諾,82492,17443,,,,4
參考系,71399,9553,,,,4
口小,65257,5400,,,,4
可丁可卯,112748,115189,,,,4
可卡因,7351,59547,,,,4
司售人員,7507,80508,,,,4
吃偏飯,109758,15639,,,,4
合食族,7720,1189,,,,4
吊瓶,121945,115536,,,,4
同犯,68598,5923,,,,4
吹球機,7943,1744,,,,4
吹冷風,82902,15780,,,,4
吹燈拔蠟,82906,15787,,,,4
吹波機,7936,1567,,,,4
告敗,111176,15755,,,,4
呼機,82937,16010,,,,4
品質遊,8306,1909,,,,4
哩溜歪斜,65523,5872,,,,4
唱收,109618,16467,,,,4
單元房,110242,16494,,,,4
嘀嗒,62142,6314,,,,4
回遷戶,9186,3088,,,,4
固步自封,63428,6426,,,,4
園托,9431,1767,,,,4
團粉,68710,6547,,,,4
地接社,9660,2138,,,,4
坷垃,9821,71745,,,,4
培訓券,9920,2292,,,,4
堡子,49384,81727,,,,4
場均,10096,2327,,,,4
墩布,10197,80025,,,,4
外來娃,10406,2274,,,,4
外辦,68812,6579,,,,4
多發病,62472,6588,,,,4
大款,61918,7348,,,,4
大熊貓,61942,7360,,,,4
太空步,11325,81626,,,,4
套服,68407,7736,,,,4
套近乎,68410,7737,,,,4
奶牛,11710,79784,,,,4
婚托,12153,2871,,,,4
媒體節,12197,3188,,,,4
存欄,61809,8119,,,,4
官迷,111420,115330,,,,4
家庭病床,12961,81173,,,,4
專場,71121,6789,,,,4
小農經濟,69481,7615,,,,4
尺頁,109786,114915,,,,4
巴迪熊,14459,3848,,,,4
幹警,63118,7079,,,,4
幾率,14966,81557,,,,4
床模,14973,4135,,,,4
康拜因,85193,96752,,,,4
強農惠農,15435,3789,,,,4
彩芒,15533,3876,,,,4
彩擴店,15551,3891,,,,4
彩電,15545,80474,,,,4
快皮,16135,5277,,,,4
惠農卡,16812,3814,,,,4
想轍,16951,80631,,,,4
懸乎,69760,7955,,,,4
手撕袋,17735,4406,,,,4
手勢語,67994,8196,,,,4
打白條,85985,115581,,,,4
托管庫,17968,4123,,,,4
扭秧歌,86031,17560,,,,4
批件,66655,8099,,,,4
技校,64359,8010,,,,4
投檔線,18196,5527,,,,4
拆分,86208,115806,,,,4
拋拋族,18351,5618,,,,4
指揮艦,18750,81544,,,,4
指路員,18752,4221,,,,4
挑頭,68528,7511,,,,4
掃描儀,49412,84836,,,,4
掛靠,63459,7771,,,,4
控分線,18959,4226,,,,4
控釋肥,18967,4227,,,,4
換個兒,64071,8313,,,,4
援奧,19517,4100,,,,4
搞衛生,120558,18775,,,,4
摩絲,19806,80214,,,,4
撞車幫,19815,4168,,,,4
擁躉,19944,4492,,,,4
散水,80116,9204,,,,4
數位港,20758,4937,,,,4
文化臺,20837,4964,,,,4
文山會海,69011,8263,,,,4
昏話,87177,115557,,,,4
望金坐銀,22306,8995,,,,4
板報,60655,8691,,,,4
架子工,112239,115114,,,,4
桑葚兒,23071,80103,,,,4
榮譽軍人,23363,80699,,,,4
標準間,23469,81285,,,,4
欠火,88199,116079,,,,4
歐羅,23930,87862,,,,4
氣站,24634,86766,,,,4
求助機,25135,87194,,,,4
沙律,120560,19872,,,,4
治愚,88911,119195,,,,4
治病救人,70967,25102,,,,4
深加工,26059,80942,,,,4
渾說,89432,92082,,,,4
潛網,26930,80910,,,,4
激光照排,27011,80912,,,,4
灰色收入,89799,92312,,,,4
灰菜,27218,81529,,,,4
炊事員,61701,18925,,,,4
無產者,69054,23526,,,,4
無公害蔬菜,89913,117748,,,,4
無線尋呼,69081,87706,,,,4
熱土,90086,116225,,,,4
父本,90206,94739,,,,4
牙具,28195,81288,,,,4
特護,28398,79757,,,,4
特型演員,90284,118950,,,,4
特快專遞,28329,79792,,,,4
牽引傘,28408,86707,,,,4
犯嘀咕,90318,94903,,,,4
狠抓,90364,91939,,,,4
獎售,90412,95771,,,,4
玉米蟲,28821,86715,,,,4
現代戲,69324,24793,,,,4
生產資料,67785,23501,,,,4
生活資料,67790,23495,,,,4
生荒,90681,116436,,,,4
生豬,90670,116456,,,,4
生粉,29306,80176,,,,4
甲基安非他明,29463,11374,,,,4
病疫,90911,91339,,,,4
的士,30359,61963,,,,4
盲聾彈,30649,87479,,,,4
直感,91243,118707,,,,4
眩暈彈,30926,87478,,,,4
知音體,31157,86932,,,,4
短平快,62420,19345,,,,4
硬片,121396,86189,,,,4
硬座,70266,90188,,,,4
硬目標,31413,86985,,,,4
磁懸浮列車,31522,95171,,,,4
示指,91634,116142,,,,4
社安,31651,90531,,,,4
社情,91637,116468,,,,4
神舟,31744,90570,,,,4
禁塑,31871,85515,,,,4
移動電話,32174,75973,,,,4
穩產,69020,24598,,,,4
空間站,32421,80182,,,,4
空嫂,32429,89968,,,,4
穿崩,32478,86995,,,,4
筆道,92237,91070,,,,4
筒子樓,68633,24274,,,,4
答茬兒,61833,18176,,,,4
管網,32959,85390,,,,4
籃彩,33129,85395,,,,4
糖彈,68380,26259,,,,4
系列片,92505,118155,,,,4
紀律性,92516,96493,,,,4
紅區,111720,95571,,,,4
紅果,92543,92996,,,,4
索要,68291,18629,,,,4
組織生活,92710,118531,,,,4
統考,68627,23943,,,,4
統讀,92793,118387,,,,4
統建,92781,118319,,,,4
經偵,33912,85843,,,,4
綜合治理,92853,118764,,,,4
網民,68888,97097,,,,4
編程,92953,18754,,,,4
總參,93020,120854,,,,4
美傳,93154,96570,,,,4
翻場,93229,93985,,,,4
翻漿,93241,93864,,,,4
翻斗樂,34851,85989,,,,4
翻斗車,62619,85988,,,,4
老三屆,113009,96354,,,,4
老爺們兒,93298,95634,,,,4
老鼻子,93328,94346,,,,4
老視,113010,95657,,,,4
考學,93333,96441,,,,4
耗能,63739,20937,,,,4
耳音,93378,90466,,,,4
聲訊臺,93445,116831,,,,4
股改,35585,85700,,,,4
胸卡,35736,81181,,,,4
能動性,93605,117189,,,,4
臨記,36132,86577,,,,4
自考生,36191,90067,,,,4
臭氣層,120114,20727,,,,4
航天站,36640,86813,,,,4
艾滋病毒,36780,81527,,,,4
茬子,61299,19712,,,,4
菜地,94233,90718,,,,4
菜點,94260,90662,,,,4
藍瑩瑩,94452,94948,,,,4
藝術體操,70110,25319,,,,4
藥玉米,69996,88211,,,,4
蜂窩煤,62883,18821,,,,4
行頻,94743,120462,,,,4
衝金,38564,85600,,,,4
補液,61123,18277,,,,4
裝相,94872,119230,,,,4
西電東輸,39015,87345,,,,4
解大手,39284,80324,,,,4
計算機語音處理,121356,86004,,,,4
評卷,95144,116704,,,,4
試崗,95170,116757,,,,4
認崗定責,39904,87358,,,,4
認死理,95231,116928,,,,4
誠實勞動,95256,90734,,,,4
調峰,40070,86146,,,,4
警監,95393,94704,,,,4
豆豬,110571,97094,,,,4
豔照門,40526,89697,,,,4
財政補貼,95516,90843,,,,4
購置稅,41098,85721,,,,4
走貓步,41223,87763,,,,4
起急,95748,116879,,,,4
跨徑,41476,81004,,,,4
路規,95894,96997,,,,4
車間,61443,18534,,,,4
軍民共建,96028,93955,,,,4
軍事體育,96000,93980,,,,4
載重汽車,96069,119583,,,,4
轉企改制,42105,87819,,,,4
轉會,96142,119955,,,,4
轉正,71144,25741,,,,4
農輕重,96213,116906,,,,4
農運會,96215,116897,,,,4
返利,42345,18574,,,,4
返青,96258,95278,,,,4
通聯卡,42914,87772,,,,4
部委,96722,91170,,,,4
鄉鎮企業,69344,24486,,,,4
釉質,70365,19669,,,,4
銀團,97038,120094,,,,4
銀證通,44320,88205,,,,4
鋼種,63143,21369,,,,4
錢色,44408,88369,,,,4
開鐮,112665,94162,,,,4
開戶行,97394,93668,,,,4
防凌,110820,92213,,,,4
限價房,45330,79738,,,,4
集體戶,97743,95953,,,,4
雙失,45906,88261,,,,4
雙待,45919,88588,,,,4
雙人間,120582,21156,,,,4
零利肉,46327,86209,,,,4
零利藥,46328,86210,,,,4
零責任,46340,86233,,,,4
零部件,97908,96599,,,,4
震爆彈,121433,87424,,,,4
頂刮刮,62295,25589,,,,4
頂心,62302,20061,,,,4
領辦,98256,97054,,,,4
風貌區,47269,86298,,,,4
飄綠,47313,80746,,,,4
飛機板,47366,86310,,,,4
飢餓線,98485,95623,,,,4
馬海毛,65930,22975,,,,4
駁面子,98569,91769,,,,4
駕駛證,64442,22222,,,,4
騙匯,98592,118011,,,,4
驢友,47926,86384,,,,4
骨灰盒,47936,80569,,,,4
體藝,48029,88171,,,,4
高小,98694,93446,,,,4
高級小學,98734,93447,,,,4
高新技術,98711,93817,,,,4
魔芋,66234,23358,,,,4
鮮啤,48414,114183,,,,4
鮮啤酒,69287,88616,,,,4
麥乳精,65953,23178,,,,4
麵案,98116,94926,,,,4
黑幽幽,63818,87334,,,,4
鼻飼,99141,92607,,,,4
一鍵式,317,361,,,,4
一費制,240,122,,,,4
三貼近,452,429,,,,4
三臺合一,403,382,,,,4
丟份兒,62327,4765,,,,4
乏汽,110740,15318,,,,4
乘務員,61515,5516,,,,4
乾手機,1501,716,,,,4
亂彈琴,80644,15455,,,,4
亂糊,113420,12197,,,,4
二奶專家,120509,19253,,,,4
二五眼,62557,5174,,,,4
互感,111801,12339,,,,4
井噴,80728,15804,,,,4
交底,72306,9685,,,,4
交電,64585,5145,,,,4
代宰制,2204,731,,,,4
休閒帶,2364,324,,,,4
估產,111304,19564,,,,4
低擋,2666,79128,,,,4
供銷社,63334,6521,,,,4
供應艦,111268,19696,,,,4
保留劇目,81123,13148,,,,4
個體經濟,63238,4877,,,,4
倒休,62059,4859,,,,4
傳呼,61672,5051,,,,4
兩分法,65650,6881,,,,4
兩不找,113186,12984,,,,4
兩響,113190,12993,,,,4
公爹,81630,15358,,,,4
公私合營,81636,15329,,,,4
冒富,4883,81335,,,,4
刃具,67375,5731,,,,4
力量房,5946,2571,,,,4
加密棒,5999,2703,,,,4
動手能力,6134,81016,,,,4
勞動資料,112987,14209,,,,4
包乾兒,60696,6005,,,,4
北水南流,6404,2939,,,,4
協稅,6652,1434,,,,4
協警,6660,1446,,,,4
即食麵,6845,1760,,,,4
參保率,80105,8452,,,,4
受端,7199,2598,,,,4
叫倒好兒,64661,5877,,,,4
司勤,7508,1995,,,,4
吃乾飯,7679,80523,,,,4
告勝,111182,15773,,,,4
唱演,8533,2688,,,,4
單考單招,8700,1551,,,,4
單過,110229,17121,,,,4
嗉子,68241,85188,,,,4
嘎嘣脆,111069,17357,,,,4
回頭率,9194,80609,,,,4
國奧,9360,1603,,,,4
坎德拉,49379,81698,,,,4
報刊亭,60729,6193,,,,4
塑料磁,10122,2655,,,,4
外水,68827,6467,,,,4
太空行走,11323,80144,,,,4
好角,11829,2574,,,,4
官二代,120723,18664,,,,4
定調子,84393,115017,,,,4
宿辦樓,13121,3211,,,,4
實況劇,13241,3510,,,,4
對話會,13580,3508,,,,4
導購,62048,7048,,,,4
小業主,69499,7612,,,,4
小人兒書,69487,7049,,,,4
少林操,13797,3557,,,,4
尿不溼,66448,6916,,,,4
屎殼郎,67922,6966,,,,4
底氣,62151,7160,,,,4
微機,15893,79803,,,,4
快行線,16136,79787,,,,4
快熟麵,16166,5290,,,,4
房改房,17585,4360,,,,4
打的,17812,79744,,,,4
扳不倒兒,60645,8175,,,,4
抽象勞動,86200,16110,,,,4
排叉兒,19210,81396,,,,4
掛靠費,19111,4256,,,,4
採育,96870,90014,,,,4
換乘站,19534,81362,,,,4
搓麻,19597,80217,,,,4
搗漿糊,121490,90065,,,,4
撥花,19911,4470,,,,4
改好率,20329,4629,,,,4
數字人,20741,4939,,,,4
普法,66855,10297,,,,4
月供,22107,8756,,,,4
桑拿天,23066,10034,,,,4
條形碼掃描器,23153,81551,,,,4
槍蟹,67036,10668,,,,4
標圖,109212,115348,,,,4
標準像,23472,79827,,,,4
欠帳卡,23807,86881,,,,4
款爺,88224,97070,,,,4
武警,88322,97168,,,,4
殘次,88399,88996,,,,4
民辦,66173,22039,,,,4
民營經濟,88542,95356,,,,4
氣車,24622,86763,,,,4
水吧,88605,116947,,,,4
水澆地,88639,116818,,,,4
水劑,68123,23724,,,,4
水華,88664,12355,,,,4
沖田,88803,94392,,,,4
治沙,88915,118473,,,,4
泥腿子,88981,116638,,,,4
泵站,88998,92642,,,,4
洋京漂,25473,89830,,,,4
洗浴,25642,81429,,,,4
派力司,66544,89325,,,,4
派購,89079,116023,,,,4
流竄犯,89106,94103,,,,4
浴足店,25858,89837,,,,4
海歸,25964,23256,,,,4
清算制,26161,86454,,,,4
清點費,26169,86455,,,,4
減負,112271,95015,,,,4
溝溝坎坎,89478,96612,,,,4
滌綸,62139,18874,,,,4
滌毛,89511,119979,,,,4
炫客,27274,89848,,,,4
熊包,90050,117985,,,,4
熒屏,27764,75317,,,,4
熱假,27866,86661,,,,4
熱像儀,27878,86616,,,,4
熱價,27884,86794,,,,4
熱電廠,67342,22116,,,,4
牆報,67058,21933,,,,4
猴皮筋兒,63888,20237,,,,4
甩手掌櫃,90731,116721,,,,4
病損,29845,85310,,,,4
白果兒,108814,87962,,,,4
盒帶,63790,20515,,,,4
盲導彈,30647,87485,,,,4
盲道,30644,22153,,,,4
直流車,30664,88784,,,,4
短險,31222,85349,,,,4
研網,31301,86967,,,,4
硬環境,31440,25853,,,,4
碾場,91582,119422,,,,4
磕巴,91593,96733,,,,4
社保金,31657,90555,,,,4
祝酒,71104,90193,,,,4
福利院,91742,92265,,,,4
禮賓花,31949,85524,,,,4
科技扶貧,91836,93202,,,,4
穿小鞋,61669,18063,,,,4
立交橋,65564,23096,,,,4
第一生產力,32770,81157,,,,4
管段,92285,92538,,,,4
簡政放權,92339,93972,,,,4
米糧川,66107,22315,,,,4
精粉,92454,97093,,,,4
紅案,92545,93040,,,,4
紐結點,33620,87054,,,,4
素質教育,92629,117653,,,,4
組燈,33681,87246,,,,4
絕賣,92762,95721,,,,4
網聊,121925,118085,,,,4
網絡購物,122476,121006,,,,4
練手,92972,93893,,,,4
群言堂,67317,89088,,,,4
老皇曆,93301,95672,,,,4
耐藥性,66338,87630,,,,4
耕地占用稅,93359,93352,,,,4
耳朵眼兒,93373,90463,,,,4
聯產計酬,93423,96468,,,,4
聯網,35378,80823,,,,4
肉孜節,67439,22261,,,,4
胡豆,93584,95813,,,,4
腐敗遊,35969,85659,,,,4
臍裝,36075,87362,,,,4
自由民,93842,118848,,,,4
自汗錢,36190,87223,,,,4
舊社會,93941,94606,,,,4
舞蹈詩,36624,87224,,,,4
芭蕾燈,36937,86850,,,,4
菊花教,37405,86328,,,,4
萬元戶,94288,118229,,,,4
蕩悠,94428,91082,,,,4
薪炭林,69610,24462,,,,4
蟻族,121936,118094,,,,4
行政拘留,94717,120339,,,,4
袖箍,94810,119188,,,,4
褲兜,65279,22193,,,,4
西氣東輸,39007,87343,,,,4
西柚,39004,80188,,,,4
計劃免疫,95093,95799,,,,4
說道,121080,25464,,,,4
調節稅,95316,91102,,,,4
談判球,39942,87421,,,,4
警營,95392,94716,,,,4
護田林,95425,96049,,,,4
讓座日,40438,89370,,,,4
貓匿,40601,20214,,,,4
起小兒,95744,116858,,,,4
超視距,41345,86752,,,,4
趕點,41382,80991,,,,4
跨網,41481,86783,,,,4
路風,95896,96996,,,,4
踺子,64544,94496,,,,4
車皮,61446,18525,,,,4
軍轉民,96037,94188,,,,4
軍委,96014,93988,,,,4
軟力量,41878,87178,,,,4
軟臥,67485,22826,,,,4
輔路,62968,18542,,,,4
輪帶,42027,61666,,,,4
轉按揭,42119,87821,,,,4
轉悠,42132,81476,,,,4
轉關係,96156,119965,,,,4
農奴主,66475,22714,,,,4
農批,42269,87621,,,,4
返祖,96252,95289,,,,4
述廉,42403,87687,,,,4
追風車,42563,87744,,,,4
過街天橋,43177,79765,,,,4
過街橋,63632,86100,,,,4
過電影,96530,92432,,,,4
還原奶,43489,86075,,,,4
部標,96724,91173,,,,4
酸牛奶,43810,81232,,,,4
重型汽車,43967,88035,,,,4
銀政,44296,88050,,,,4
鋼鏰兒,63137,86345,,,,4
長途臺,97312,91527,,,,4
開門紅,65100,21279,,,,4
集成電路,45749,75028,,,,4
集中制,97721,95899,,,,4
集貿,97735,95901,,,,4
雙規,45927,21158,,,,4
雙擁,97767,117378,,,,4
雙信,45918,88587,,,,4
離崗,97814,96902,,,,4
雨搭,97842,120638,,,,4
零水平,46319,21209,,,,4
電教館,97953,89165,,,,4
電磁灶,97966,88965,,,,4
電動剃鬚刀,97923,89166,,,,4
電鏟,97986,90130,,,,4
震倉,46382,88210,,,,4
霉損,99116,96914,,,,4
預研,98228,120728,,,,4
預備隊,98222,120745,,,,4
風擋,62831,20277,,,,4
馬路牙子,98545,91039,,,,4
體彩,48005,88177,,,,4
高幹,63157,21828,,,,4
高檔房,48164,86834,,,,4
麻石,98978,22158,,,,4
黑地,99043,95725,,,,4
黑戶,48768,21559,,,,4
黑間,99071,95888,,,,4
黑窩,99060,95917,,,,4
